orderId,customerId,item,quantity
afb8b8fb-36e0-4bf4-a9d8-9969c55e7877,Ashlee-Graig-321,xMxkXhlR,538
8e35f247-cbc4-4101-b724-908667135be8,Joleen-Ivens-321,JiyXfJmBAgTKpJ,776
3244d76e-a4b2-4bd2-bd59-066ec7a98730,Isa-Georgy-321,VMTH ,296
3c9e2b61-07cb-415b-a077-90c2b88125dc,Tani-Greenwald-321,RhLOVqp ZYLNb,479
18c070b8-f450-41d2-8f8a-04baff22878e,Ginnie-Oscar-321,kQnwv,770
5a305d54-3854-4fe2-b37c-8b6a3cf4b394,Lila-Madaih-321,oqTfzi,994
b554f6ba-14a1-4fed-b40a-dc9c2b9849c7,Gwenneth-Bluh-321,eSvgGqVmbGV,11
4a1492b9-70e2-4e43-8c38-6f567288a04d,Nananne-Ardra-321,pZcIlQAUeY,297
61390137-e125-4ed7-8c1a-18077227bfbc,Bibby-Randene-321,zsgqaS,615
8b96b3bf-0ff6-4564-938c-75a866746885,Myriam-Luhe-321,zfIRK,141
0b5865fe-420c-4ed3-a99d-265152a4dbeb,Jaclyn-Nahum-321,sFxKjplEOZWPUW,892
e15cd460-8c31-407c-bf68-d4e72c26c772,Ellette-Fitzsimmons-321,YQiyglaO,916
4a08028b-50e6-406d-a5b5-8586b116a394,Mary-Tamsky-321,glbOUroJOeFrJ,205
1e64820d-47d6-4acc-bc15-7cc3737db97d,Arlena-Yorick-321,horQXg,404
33b11970-24b1-40c7-9109-f122898b6f4b,Andree-Stilwell-321,EFDQpeonOWSqQUH,211
6935b424-d3c2-497d-a681-ee2829c9c4e1,Delilah-Emanuel-321,SlfFIf FfpKP,859
1029fb08-50ee-4dba-b691-74a0a6e21845,Felice-Minetta-321,XyjfgJx,966
26e5c44d-407f-47e2-99e8-dbb8843002d0,Dale-Judye-321,Cc IjMRZDvRdLw,923
9b66b611-fc60-4138-bc38-747a4f7acf5b,Marline-Cherianne-321,KUPjw,38
05d0c9d8-42e0-4be1-b305-45e457021448,Briney-Edison-321,CyAYMDAhArTuPU,759
ce3a7b83-e70c-48cb-bdd1-d880af38b281,Patricia-Chauncey-321,wTMgRGtQGgBw,609
7df32981-c8f5-408e-bae9-c43bcabf9433,Nariko-Shirberg-321,xLZZJrd,612
e1198f1e-b52d-4004-a716-99770d0e9a7b,Sallie-Bethany-321,aEjdcNEHxWqWXDI,192
0c9865c0-9d66-4b51-97c5-65e4d6b14616,Lorne-Thornburg-321,IKHPR,937
99c52ad7-e41b-4d42-84a6-d06222f0e442,Emma-Eben-321,nkxMxtz,162
bea905ef-9b51-460f-b939-e708ad42e20b,Rivalee-Burch-321,yEAPjxcLMOAywGb,233
96b369ba-ff75-481d-9e2e-8df3db0a99f1,Fanchon-Carolin-321,X ieoLJumz,407
a2840d29-3bc5-49f3-926c-d03cce69d136,Marika-Ephrem-321,HwwdAtEsYH,370
fbad4796-491c-468c-b212-61e117e3da8f,Gavrielle-Sholley-321,AWGzDV,234
a21c9886-7d35-4366-9e7e-4ca675d01526,Helena-Rugen-321,aoowVtc,488
d939b03e-734c-478f-95f1-31df70cb1ae2,Ann-Marie-Hanshaw-321,KCTwW,661
2fb7e420-413f-471a-94de-3ecd064ddfbf,Wilma-Pitt-321,UtzmiagBXRcMU,684
3499b9b8-156d-412f-a593-90345fa053af,Aubrie-Redmond-321,nDwGsYC,702
e960583f-a550-4cd1-90ed-8a1befae3109,Estell-Cookie-321,QyTkULICcD,402
afe17ce8-1c33-424a-b8e5-4076b7c03873,Molli-Demitria-321, WMsm,689
c9d329f9-ec5a-4079-a42a-1fe362fe8727,Dacia-Mullane-321,uekyaIpdDkaZdWi,802
cd0205d5-bdc4-4d56-afdd-265cbac7f6fa,Ariela-Ries-321,SWgrrkL,526
9d51cf8c-f534-4c05-878a-dbf0a431873e,Maye-Atcliffe-321,HmbGhamhyys,40
1da6a09a-852b-4838-845a-78a63d5e57b3,Basia-Cherianne-321,EKwPxWh,204
d3a17755-70a0-4868-95b9-efe4c6330cc0,Joleen-Rogerio-321,ptRjnveblqokEx,214
dd43fd7d-31a0-444c-8699-6a2d009279ac,Bill-Chobot-321,HwbKvZEKiE,70
beb744a7-1564-4484-9d70-d72b0d1efef9,Brynna-Nea-321,mPMkxhvwY,250
99d2d1ad-9e77-4149-8779-da5867273e43,Emmey-Lory-321,fwFcvQLE,583
7750215b-9d73-4ac0-82eb-962a29f84136,Dennie-Adlare-321,qrVSVYNdxUaDaV,485
4ea2e971-99d3-4cbc-b60b-fd3031f89451,Marcy-Loeb-321,FFFCsDprR,643
8e3e0fd9-3ec7-4cf4-ba08-c0d4829c54e5,Trixi-Jerald-321,mRDehD,870
0160da0c-9503-43cf-8a28-d8bbf3ea774b,Gale-Uird-321,xNJnTfzyMpVlS,823
a73831f2-c57a-4241-8c2e-06d22ba93337,Lorenza-Fosque-321,lYWKFs,511
8d012f33-f538-49c2-b7f9-9a2787282a2b,Gale-Tannie-321,mZFiX,160
70c55e54-5180-4d89-a73a-336ea91a2377,Fidelia-Lytton-321,AvqNlgOQkCPYYMF,739
0b15203c-2ca9-4e13-991c-276c0f4c09b8,Deirdre-Ellord-321,S SkEdl,701
59b2e760-56bc-41dc-af14-750fdf8a2aa2,Libbie-Zina-321,osa M,252
e69ea57a-f3bc-425a-86a3-3dae78f3f83f,Arlena-Rebecka-321,ttQSmBtoTIbH,914
dddee36c-9990-4695-9687-f58538c738d2,Elka-Erb-321,cInIZUmXLKEJHo,19
cfae5b09-7dcc-4544-a465-d8fc7aa90ca2,Mamie-Orpah-321, wjnHKCLeMvrb,518
52d8dcfa-7014-4145-a1d6-b6d4ded377a2,Joy-Bergman-321,xExx CewAL,733
1fdf1509-b162-4c0f-b07c-340f1e278212,Rubie-Shama-321,gdBgtfjZHL,602
830bea8f-6fd6-4bb2-93ea-35bcd7e452c6,Sadie-Arquit-321,eWbxcwqnsFv,200
0655c2e0-5feb-4497-9eb7-2eba833d7db1,Rori-Lowry-321,tPNaVjMFqCHrm,334
f33c9d08-2db7-4810-8ebd-bb3f62f948c8,Lucille-Anderea-321,FxovY,954
4d94b9a5-fe25-413b-8f92-52775d28b2ab,Tabbatha-Sheedy-321,YHqjYIKiJRPe,1000
c56afa1d-e71b-4a7f-9700-1a4744f2b8ee,Dolli-Loleta-321,tKQdUORW,288
08f5a017-4a83-468b-989f-5b03b0bdc980,Constance-Brotherson-321,nOgaTrWKrTcxCF,187
0051233f-d644-492c-ac5a-9c1e9d80302d,Joleen-Rad-321,EiDgLNdZZyYkD,490
bf7bccd9-6d86-46ec-88f3-2398fecd89af,Albertina-Felecia-321,GtMEewN sFUr,458
ed643c4f-fa14-40a7-bb19-b7048865f552,Codie-Lareena-321,VBSPh Btc,117
38e34dc2-bb82-493b-beb2-f117a1ef7afd,Teriann-Idelia-321,jz AudKOsZ,634
7b6190cd-6ae9-4eec-b18f-b8129f4d2781,Antonietta-Esmaria-321,WeSMMAVFDIAjfEI,369
7c3c60c2-649f-4525-9ed7-5283e50ea679,Dulcinea-Cecile-321,OrMcHXouS,654
983a7fdf-c0a1-4962-b24d-d43dc04ec4bf,Kenna-Tybald-321,G kmuxvGKZoXw,884
a1ae519b-185a-4635-a8f9-8efe6ee24343,Aryn-Kauppi-321,krovQznsb,664
0d584205-e512-47d6-a083-f2e325314e38,Cassondra-Sprage-321,BOidqIBRcoislmf,724
501d9e43-e44e-4bb9-b683-61139291dad0,Constance-Lanita-321,gBZhT,315
1e8c0c27-80b2-435d-9895-5d6fccfa6db7,Janeczka-Stav-321, GkiSaNwXbsVO,739
4eb6dab2-05f2-4db5-8476-4da1eec9f0f6,Juliane-Manolo-321,VckMcp,740
b9afc206-0f53-4f98-829d-90befa3dbbae,Celisse-Karna-321,XMgaQ,183
1f82a4b5-2880-46dd-a77b-d7e2cf6d6692,Carly-Telfer-321,rRA aniFpue,146
426bca94-549f-4163-a494-60d3c01f1c9e,Kenna-Lanita-321,pSsfuoPzDfWEVRP,733
0635577e-d520-4025-b345-587cb980bf88,Marline-Chesna-321,mZklsdDoyR,317
c3a3973d-45c0-4c16-ad43-f9b52cafa277,Carilyn-Janene-321,ZTBreRLbQMb,886
53460d28-c7c4-4772-8e49-8bae691705fe,Tami-Klotz-321,jvVjzB,692
674d07b9-1ccc-4b1b-aa3c-e7d5ee2aef17,Lanae-Delacourt-321,gNPHLhqZCqP,146
28494f76-f57b-4d75-9c87-d9af67afe94f,Valera-Bultman-321,PRDArf,399
c6aa945f-5463-4f58-a878-f58128f306d5,Ida-Alcott-321,ZxYtRgm,830
0333e770-8262-4e42-b4ad-1b3d27a1e2c7,Glenda-Barrus-321, OMH uiMNEO,120
6f21c891-72cf-43d5-ad63-2097bc151ba1,Aigneis-Amethist-321,UNCCJvKpyYwm,523
dcea86d0-fa68-48e4-875e-1bbf61401392,Inga-Cynar-321,JiVgWF,613
ea7bcb32-7894-405a-a9a2-f9c97035cfd2,Margalo-Philoo-321,lzMDDECLJoRbl,556
d086e574-0729-4b93-8edc-32c79f096df0,Marjie-Ezar-321,QFXHL p,154
68398ec8-cef6-47f5-bafb-b44bfc94b261,Suzette-Stanwood-321,vAhXDGInkXM,26
d3caa725-d1a4-4658-a015-3c3464835d26,Lynde-Lindemann-321,TjEbFaaZdH,154
73b17a47-110f-4ca5-b956-d246fe8a13c8,Diena-Earlie-321,sjYWaHnJfgWoKT,647
3bad923b-c40d-47dd-8a65-0e6fcc755ebb,Audrie-Reinke-321,dTa FC,646
89a2732f-b0a1-41a4-b663-f38a4e6b6fd2,Aryn-Kermit-321,JijdYxmL,470
318f6932-b654-40ae-a60d-bd1cc2a767f1,Cindelyn-Ader-321,IiCThGsfQxyub,629
f2d0c7cb-4b97-4102-b1a5-45a21e133914,Fina-Land-321,sxjwRxQCfCbOf,248
9431adb6-5aec-4155-b3b5-4aa3d395c58b,Jacenta-Ivens-321,rcgKIXvSYOuceZY,730
195f24ff-adf7-45b7-bd86-eb3ca99779aa,Lily-Kimmie-321,GdodJkpHTDxkwZC,862
c9d55c0f-5b78-40d5-ae29-a96026ac39ea,Gabi-Pacorro-321,oLNnYOOe,231
2fb41bbb-0532-461a-9052-b4f6dfbd9780,Wileen-August-321,GCDnkgRu,175
85feb735-d1a7-41c1-94da-aa94b06e09d2,Jessamyn-Jorgan-321,vANyXpIsL,129
6e10fad1-cd5d-4cbf-af7c-447659e10ec8,Elka-Kussell-321,maozMNgyVGlpuMs,26
484b2c6a-287b-4e69-a381-98268d1b94cc,Gaylene-Zeeba-321,LhmhxT,304
dc64359a-59e8-4488-aa96-80ce87d7533e,Linet-Nickola-321,dhiLj,174
8c71a5a8-de82-4c3a-be95-7aa3add8070c,Grier-Gilbertson-321,ORAtdf,401
142e1bc9-a925-4c6d-8589-d98f0a6407ee,Roseline-Douglass-321,wDfisU,724
3302617b-f48e-40a3-b413-c41d28f8476b,Stevana-Croix-321,KxCNu,601
bc51f8cf-fde4-4a0c-ad07-f000a8d10f23,Elise-Velick-321,YvQbIEyHjLxW,635
88312abd-6f7d-47b7-bf52-37a8eafb4579,Hollie-Slifka-321,rIlap,127
caaf0f6c-0daa-49a3-a1e2-b042f3688c2d,Gianina-Bryna-321,cwTIReqKZIktei,469
62f304d2-b2ad-479a-8ed3-a59566219645,Kayla-Arquit-321,cUGHTNvXaH,321
95314d14-440d-4a2b-b3b7-d59034ce42fc,Sidoney-Tacye-321,OGyusuic,981
25313fd7-bf4d-4bcf-8dec-7290760abac6,Briney-Dowski-321,xMFtjPzyk,292
a0590c7a-7401-45fe-8699-7b1f0eb3f615,Laure-Gert-321,shPDRD,627
834aa001-ec32-45f6-980f-1ac19a0ceaf4,Ethel-Diogenes-321,vcHXOOa,397
ad16f014-70d2-4b7c-b576-2caad04b8c19,Nannie-Libna-321,eaBvhXNExC,618
e7cf0730-cae2-493b-94b7-2e1849306832,Adele-Germann-321,conXFFXzgGzZ,848
3c97b9ca-90a0-4d65-9d44-ebd44d32400a,Bill-Naashom-321,loWHTetD,891
be238d09-fc1c-4410-8a1b-eb1d45ba2401,Jessamyn-Barney-321,dCZhOLxZB,413
452f981c-f5bd-492d-a54e-301274c0156b,Florencia-Gilmour-321,YoIkGFAn,226
a92406c3-142d-4c4d-848f-188e1e94aeed,Mady-Mozelle-321,XFiiyURmMXCqXfb,117
c6dd05b4-b08d-4614-9de0-e36ad7df2ba7,Odessa-Erminia-321,HYOrNiFa,65
c345f22a-f81d-4b68-b72d-3e8d9814383f,Yetty-Mozelle-321,JgRJzmoRm,337
ad1a1586-0116-43f2-939f-86b298349a65,Tarra-Lacombe-321,slLItpRPIVHSRA,274
0bcab70f-0510-492e-946c-85f02034b331,Chloris-Candy-321,zjoWFErdJWF,954
826bb32b-c30c-4619-a38b-bdcd1df389b6,Eve-Fadiman-321,oDdAi,280
732cdc6b-b74a-4e00-803b-c10d264b1cb0,Annice-Leifeste-321,jOjuw,77
a0b31317-5dcc-4b4a-90d8-f2880f867c36,Jacquetta-Loleta-321,gLmifMPvVg,510
2e880aa4-968a-44fa-8147-7f88a11be135,Aurelie-Seagraves-321,ofaHnPmLG,996
72dc2129-f226-4c90-b005-0b5d8e0e5b19,Vita-Center-321,ODOAcUsPnzylK,841
2b463546-27c2-46e7-b4a6-113e19ad4965,Donnie-Lea-321,YbBxBUigNPyBEOx,924
678abefe-6005-44fc-961f-b405b40328d1,Bettine-Ummersen-321,IrfPubRmEFwPtH,900
63b76704-552f-4c82-aa97-8c8afda8e565,Viki-Fink-321,gdXeWOx,201
b983c057-5555-4d44-ac13-92c31c622d6d,Leia-Kylander-321,SrAsORwpQHa,325
b978dc84-7e4e-4ac2-ba5e-f5c4f61e5963,Lyssa-Cosenza-321,iuZCiru,487
26a53a3f-11db-4eaf-9a84-89bdef0eb395,Kimberley-Eben-321,fclATC,881
bd92a0b6-e962-4480-af89-e92278133d68,Addia-Pattin-321,NIpkBegY,30
5fcb70a2-988d-4db9-a985-00f0fe246ae9,Sherrie-Tacye-321,uypotaTxYTjwXqV,318
058d2591-2ee5-4760-91c9-bf62d3946dbe,Kathi-Destinee-321,qNBFWXAHKLIfT,314
5d9c751c-9e02-420d-a2d4-14d718d66434,Kelly-Rossner-321,DbQJVZquceMxlK,846
d2d224ee-b0f6-4039-af40-6130118dd966,Marleah-Norvol-321,rjOQtC,493
52e0ed6a-424c-4caa-b8f7-0112c8b4120d,Lorne-Noelyn-321,WUylc,615
ff50338b-47ee-498c-a866-0766cc745ba4,Daune-Uird-321,hQCNivGcq Vp,849
b61fe4fd-51cb-4b6f-9c3a-130edfbf6cb5,Elyssa-Amethist-321,UbWzeVeXjAkN,317
b1b2b13a-1f59-40e2-88c1-a15c14daee1b,Alexine-Carey-321,DJGVNU,938
ce914e9b-f2cc-449f-8f5d-796433da6ed9,Viviene-Gladstone-321,CzjRw D,673
51ffb53a-c040-4f03-b9da-fa2632cc1973,Kirbee-Hedve-321,LoKmcklFTiFjoM,870
e6f6be95-ba87-433a-ac86-484da540a86e,Danika-Arvo-321,XAHPGaf,69
10ae4cd1-2571-45d8-8d6e-d99e8ea520be,Chrystel-Emmy-321,ZmPEFGnT,539
b9e94279-9afc-45d2-b40e-1266a9df075c,Marcy-McGrody-321,re db,633
cb03676d-337f-4b1a-aa98-6741084daeb8,Kenna-Clywd-321,pTcHYOKXUZCOjj,704
2eefbaba-96c3-43f8-8453-5d5f70b808c2,Moyna-Docilla-321,cWZqGSJ,415
afada337-fcf8-408c-8ca0-23d9eb38ec35,Kellen-Melan-321,PVsOpwVUdxW,96
f4980412-f09d-4f94-b6c2-671fb151e4ca,Oona-Brady-321,ePjZOY,98
dfa4f9db-3594-454b-967a-05a07a2d6514,Carilyn-Daveta-321,bobZQwMgVj LDz,354
6a05acc9-e793-488f-a659-352561758c5c,Chloris-Dorine-321,WOsUocjnjpsZs,675
3601d854-2969-48ec-959c-c7f4736449ab,Chickie-Hillel-321,YtZPU,615
55b69ecf-3a8c-472d-b56b-656c9deb5559,Letizia-Ciapas-321,XxPpFn,953
9aff5130-238d-4928-b325-af93c6c40abf,Lulita-Melan-321,eOzfWeYneR,410
d2b04d25-8b07-4b90-84d6-9783ff66a84f,Tarra-Bashemeth-321,Rvu dn,939
9326187c-e113-4bfa-aae9-37c8b48c30b3,Tilly-Crudden-321,pQttqb,262
cc19a164-d24f-47db-b8b5-8fb352fb64ee,Stevana-Emmaline-321,eHNTw,785
d27c9ad3-100a-492c-9747-39fe45b0b966,Patricia-Carbo-321,nEzUGcbyo,403
8f85db93-3333-400e-afcc-b3c492e1ce36,Elyssa-Dunkin-321,TKONRugVcPzZ,989
64d7328b-dd7e-4f71-9a86-c85df42d7fc9,Sissy-Lipson-321,cDvYVTPl,688
d5b81369-22ee-4b55-8670-2c79ef45c6ce,Tatiania-Vivle-321,uVUzcBxDXJCxkC,425
1c7ded95-47db-405c-bfd2-71261fbd0335,Rosene-Dash-321,epTrHNXP,397
271fb252-e7f5-4377-820c-eb6d1026c9c9,Averyl-Krystle-321,bXaKyUPoiPUHnV,667
2990adc6-ef10-4239-9ddb-c06c871b0b70,Magdalena-Allina-321,dLYqmjz j,914
42ca7f45-6a8e-4d0b-b9d1-d9e6915a6e18,Tybie-Noman-321,t qJzeoCsLWiE,824
fbccf6e3-5232-4379-8c4e-1c65f00b36c7,Sheree-Stephie-321, gRWZcMIPoHx,787
4dd67d16-c0ae-42cb-a2b0-881850a842d9,Marinna-Madelene-321,ZKsMbK,356
9e5fd20b-1de8-42bd-ad4a-fc6d44240061,Delilah-Carlson-321,ohJXLzDcHk,746
8f500628-9cdf-4855-8077-e2bce5399abe,Maud-Bohlin-321,inTTTZqIVi,981
d74b1405-af31-4970-ae0b-7e28c7a4911e,Heida-Brackely-321,picoHskzXsf,526
4c94b123-ee59-41f8-b2fb-5e5d748e7389,Suzette-Pattin-321,fOrUtGltKsa,174
31b4f89c-7337-4543-8536-9a53c5c23fae,Ebonee-Schonfeld-321,zlZaTqJZpYTOmNR,297
68abc77e-605f-4747-b94a-862df7dacf56,Eolanda-Dalli-321,pfKfOcCiJHipkBy,110
da63e680-113b-4ee0-b418-89fe8a1fb8ff,Correy-Abram-321,rSCstpOrjmHtDr,256
110f5b96-f485-4578-a661-1fec559f2a74,Allis-Poppy-321,wvhfSdI,469
f7de527f-4187-48a7-a38e-35964f77328c,Concettina-Faro-321,CFKtXUGXKzUb,54
18887908-7cb3-43f8-91fd-17e933c46d37,Minne-Sothena-321,cBfF fGxYQjyF,627
ad823077-c775-4237-8b4f-ef4858495a07,Kirbee-Love-321,RKSuii,256
4877fa15-038e-44ac-8635-f12d6164d2f2,Livvyy-Vastah-321,ELoEwTP,316
32d05009-c267-47a5-888d-83d81404bb21,Morganica-Avi-321,qHjpZMqKl,567
1125f5b5-15fd-458d-b7d0-46e5a830fb79,Clary-Loring-321,BvuMLsDyao,255
569606d2-ae82-485a-a6f9-50d54150ba5c,Jordan-Huggins-321,kesbD,360
d5d8c8ee-2368-407e-b64a-6c02991b83cb,Barbi-Holtz-321,OAWbqGraBQPf,193
5ae3c6c0-0c16-4aec-8fae-3304eab9c738,Corly-Blase-321,uTMTygB,460
321da4b7-3ae0-4482-a89c-2439faad9005,Elora-Kolnick-321, atBGWht ,948
9ad5fccc-2aee-4db2-8f4c-a67dc0485c60,Flo-Gregrory-321,YVRuV,274
1df0832a-da84-4d62-89c7-9a4f5976fb40,Carol-Jean-Adore-321,qmoJHsFMTwU,174
715f3ddd-c179-4313-82ad-258fd9d28989,Cecile-Mott-321,SXbvCpTxspHRgxS,492
1c79344b-933e-40c5-9783-fc1f5eb05c8f,Heida-Dyche-321,onzOQxDoi,346
24afff98-680d-4c50-b816-dad732feb8d5,Kamilah-Delp-321,mGrpSqG,970
4824ecde-8c33-48b1-ba93-fff9eaa8fb6e,Joleen-Hazlett-321,WllXm,690
41b61c06-4925-4dab-9c5a-af4792fccdcf,Tersina-Stuart-321,rLdCicEjidYFXso,371
c9d3d969-9be6-4369-9fc1-03a137d0e0f1,Feliza-Karna-321,PmoSUJvsJZ,988
f085cfb6-dd0e-4862-a34d-6ccd4f1b807d,Dione-Pillsbury-321,LlPSZZFLOnj,318
490a526f-2092-4e4e-9e0b-1d35b5be7bc5,Kittie-Eben-321,AT SP,713
89db9584-1d4c-43a2-92bf-38027948318c,Jean-Giff-321,rCNobJ,824
c36c7e85-6d39-4c18-a0f0-6d74e66cad32,Glynnis-Oriana-321,mLFVZtdvfQsD,382
4f602d41-0398-49d7-a791-5fa3a70f2e98,Christy-Ashok-321,EaTbqOierLQT,882
7d5e2587-7088-45eb-bff6-fbb9a46cfc2c,Dede-Lunsford-321,jPDkRz,831
855deee8-4f6d-4ed4-9cad-0e21a7b318f5,Tracey-Seessel-321,naxAaqPUHCNeTLd,49
c7953271-577a-4a25-83fa-c9918ffddcf9,Siana-Hanleigh-321,xJrZHxsERMpHf,380
5306b313-2761-4954-8ec8-aefc3fe5d886,Joeann-Corrine-321,KplDNPNoZiJviOY,387
196480a3-72a2-4723-a480-13e84ae0e331,Charlena-Nance-321,kjuXdSbdqoW,369
f6c0c151-aa33-4e5a-b712-1b1acd4df946,Caryl-Jagir-321,hOlXbuCNMi,713
349c74c7-7ac4-4fbc-bec4-dcf8e171a51c,Chere-Atcliffe-321,BzbsCpyPIob,593
ab7a31e3-f335-4cd3-afcb-4029f6c28847,Violet-Berriman-321,OqISGJ,7
a42ca739-00e2-4188-9467-b2849417b4a3,Fidelia-Malanie-321,c AwCs,693
758a89a4-7b3a-49b1-a9a4-f650ed9d8beb,Roberta-Lamoree-321,ABfiPDfn,311
00c22649-5c59-43f4-a3d3-41ff7b395b7e,Asia-Danby-321,JByKuyzcH,207
d7243029-9f99-454d-8a23-de60c5c9698d,Christal-Marisa-321,oCtqBgm,503
bfd438c3-20bd-4f6f-b236-b63d8c7726ad,Gerrie-Teddman-321,IsmBK,471
6c42eafd-1e20-4ded-aa5d-2f204196c310,Tonia-Thar-321,MWoOebktyPy,916
ae44eeb5-1bc2-4a46-975a-b4a5ff961bac,Danika-Bluh-321,CoEejD,664
5f6b90ad-7914-49d0-bd96-ab38e79400cc,Aubrie-Dielu-321,nTry RMsGsCOEe,851
00128162-db53-4316-ac25-bcfb7ea2fe5f,Quintina-Bronk-321,qNkTqwrO,693
4e13db61-9bb2-44ff-a342-61b7102953d2,Blake-Mehalek-321,NepipNpTGb,253
d1ef9d7c-5201-481d-ba83-ac3a55d748ee,Doro-Ledah-321,PVGXlhozozGJRV,254
7fd5d563-c8e9-4a0a-8f41-7fde55d253fd,Trixi-Dreda-321,duccrjL,64
5a33bfea-8cc6-4e66-84ed-496024aba0cc,Maud-Lareena-321,lTCirS,15
d59eafbf-037a-4727-89a0-5a495960d549,Ruthe-Kannry-321,gNeLMUScG,727
19c98b62-57f1-44b2-9f67-7f79766c5a11,Lucy-Colyer-321,C gZBaN,149
8642567b-7fb9-40c3-a8ef-48695f17b5de,Julieta-Revkah-321,BsNJRGeLggxf,299
839c51b9-f1a7-4896-8675-91fd6d513742,Corry-Maribeth-321,gNzzjE,780
d0a40009-4fc1-4dca-b6ef-204dcc530a96,Ardeen-Candy-321,m pebJs eCANcQn,653
8b4e5402-c75d-4fb7-b40e-4f3c7df85216,Modestia-Felizio-321,QIugZHZdD,771
ce1d5cee-e6ea-4f37-b82e-dc7f4c8fcc87,Tonia-Rosemary-321,RYZz SX,454
a353e9f0-5c02-4cf8-b994-26bf066d04e4,Kial-Garek-321,lZMXOM,103
bc9c8986-6223-4802-bb8f-d7e86c04ec28,Kathy-Aldric-321,aXdYEWrpJX,938
b6c35de5-8aa9-486c-8648-602c06fc5842,Celestyna-Klemperer-321,sYrDZLggfi,807
12ca8a2c-f72a-4625-8e07-bccbd7977747,Nannie-Berl-321, iwRqPxQcerht,786
41fe3b51-31d2-4581-84f4-ec870d51be81,Lynnea-Genna-321,CaKTZK,917
82fefbef-7419-40ee-86c7-1fdbe922502a,Melodie-Hazlett-321,XSQTqpgWog,406
e9d7124c-7837-45a6-a74c-977c52b4add6,Lolita-Taima-321,HJZhIyMn,293
5e78037c-5c87-4f1e-a93d-1c049d00ea62,Reeba-Alice-321,LBNubGeIwal,346
0c380d0e-e340-45d5-982b-cb1fc52de8b6,Karena-Blisse-321,UBPjVeUV,93
93d2d740-c917-42b2-b028-c45847f290be,Stevana-Bennie-321,KXMLlYEcCN,967
3d9b3224-e660-41af-a39d-899a784dca20,Daphne-Kesley-321,BSgRcBUyo,723
d65d4072-ccc9-4ad6-85bb-0133b5c88ec5,Alyssa-Dorine-321,yXOcmdXPCIs,400
78f726ba-2213-4770-a0bc-af9666f848fa,Celisse-Magnolia-321,XXWdpthuxvirKl,189
01b8a36a-39c5-45a6-85f5-eae9c799079d,Dolli-Eldrid-321,wqzfl,208
a227bf42-a343-47dd-80a4-d78499ddbc19,Daryl-Stanwood-321,zXJbDjFwHxIG,957
49b0c9c8-edf6-4397-81b2-d3457f728f2b,Corly-Kauppi-321,iH EfvfaHQ,72
3d1498b2-6866-4724-a551-7e2b8483bd0a,Barbi-Judye-321,CNMZGlx pAISq,109
2eed3bdf-249e-437b-87d9-99dd229b39db,Brietta-Gilmour-321,MKhNseLc,853
53dcc8eb-5223-4024-ba8c-424eb95af14f,Angelique-Howlyn-321,sLSlYqRnccA,828
a35e3fa6-e037-4c4b-a64b-a84984facaad,Wanda-Barney-321,GKyQbyTpZNd,312
478ecf6e-878c-44da-87a1-56075d07dbd9,Christy-Durante-321,RIVexf ,445
d9cfe09a-abc3-4ea2-a5b4-03f26763103b,Briney-Abbot-321,zzvWNt,293
565cde53-3fba-4ce6-b5e4-ba67a30af5ac,Chickie-Magnolia-321,ctnisFjWGaeA,888
d2b0e290-43cf-4b2a-b669-cd3ccbd10f91,Elena-Edison-321,bjKCUoapR,726
c8709331-2467-45f0-bee5-d1b020ccce32,Zsa Zsa-Arquit-321,YCfZTghTSiJHz,876
bba7afa0-d2ba-465e-b0a1-83032b44c6cf,Adriana-Nelsen-321,YhGEJaxDfW,686
8f30af7c-6a53-4f84-88a5-de1194ae520d,Abbie-Isacco-321, YQOVVw e,722
c08e2ca3-81df-4c5e-8f8e-092ca426e2e0,Gretal-Grosz-321,WipjkQZX,866
039d8108-1c07-46d4-92bb-6b2fe1d84122,Andree-Zola-321,QvHTzoTN,448
772c823d-7e78-49fd-9459-86ac86b623ba,Fredericka-Colleen-321,PLQAeTSvEkp,669
84bd6072-8c34-40ff-8435-31a934a87c8a,Corly-Francene-321,mmNPW,797
6fd55766-b327-447d-906a-3786bd216f4e,Willetta-Zrike-321,WytgOWtzIpq,284
62504688-b997-49cc-a86c-e36cf499d293,Aimil-Mauer-321,LZH oAECkbMZBo,834
69350a3b-b13e-4d18-97bd-d652d214dedd,Janenna-Urania-321,XGNmhcjrwPJDvTT,825
8f2524a4-0f40-456b-bc87-9e579b7dac65,Jorry-Shuler-321,Xhvdkj,703
71473864-a334-416b-87cb-9909e3d88da4,Desirae-Jacqui-321,XnuFxMRuEAaB ,900
86cbfed9-0a1e-461d-9f63-2347f2c7be8d,Celisse-Vernier-321,cbfXwAze WmCCHd,363
f9476ae0-8fe0-4375-acff-2fa267f4a1c2,Jan-Lamoree-321,kxgB RNgwQN,151
8c5dbccc-aeee-424b-a184-1dc28351e6e4,Julieta-Kosey-321,HMrWXipfYZmZl,18
dc3441d5-1fad-4cd4-90f9-4ac1343db213,Florie-Teddman-321,cOaPTbcssMsl wA,881
7e841b20-909a-443a-a917-6a0d3fe3377f,Raf-Concha-321,tnQVpgCLXyCXZ,676
5edb8b2b-3a49-4a19-9a54-d228d8815387,Elvira-Kiyoshi-321,OU QBJa,975
cd6af876-9bab-4b35-b1da-78bb0eea7140,Petronia-Emanuel-321,vbRnTLfol,502
7463d3ff-628d-4b1c-ac97-08afc3990027,Addia-Weitman-321,OKxkKwuLUIFADRF,254
071e33da-6cf4-4b4f-ab94-3a5cc7161a5d,Laure-Naashom-321,hnDGJ KXAC,848
52975c7e-e680-4e85-8cd1-32d53827e3ee,Viki-Wittie-321,NpNOaNwCkxAWa,447
5a18a069-b722-400f-817b-ba84d8d79f2e,Lory-Ashely-321,UVTlzG,516
d0049279-c546-454d-8080-3354f6d082b9,Edee-Drisko-321,hlqJfA,334
0fee9682-c35e-4be3-8c22-5329d835fe79,Kathi-Egbert-321,CvGhWDmKEffe,169
80545f3d-773e-433a-9534-e0a70b145a05,Nadine-Libna-321, kxvetmx,118
f4c285a5-6a47-4960-9936-1b10be60b5e5,Lusa-Bevin-321,AwulCvTLiGc,200
7024ff6b-7634-4ca9-b9c0-23f85bfb9ab4,Fanny-Ietta-321,ACKNrsDUiukq,823
4f4c41ae-fe08-4c63-86eb-4ecb18697ace,Marika-Anderea-321,nrk NWppfs,734
4f559b54-5c15-4c22-9127-887c22884b9a,Edee-Rosemary-321,ssmg gyUzfkTTmv,798
6e95805a-1fc6-4229-8a4a-11bdf0c2f538,Kayla-Bohlin-321,KaYBelhdrd,940
58123b2d-11e4-48a8-aa93-641d72727b35,Brooks-Jaylene-321,ovylgMrcO,351
a679d4f3-cca9-4245-b183-77d52e295c4c,Sallie-Gavrila-321,GnmjT,321
3dd3c6b5-25d3-4490-b77a-7eb6143318f6,Elsie-Guildroy-321,PWCPAgiTm nX,204
b4d51188-a7cf-4602-bab2-477e823b0298,Jaime-Honoria-321,xiAizR,937
209c9160-16ba-4dec-933d-c10808efcfd0,Consuela-Curren-321,LEJZMIyPgKrPFE,321
413ed684-2ce3-40f1-9ba5-a0f4657f6157,Gusty-Abbot-321,KyPDxmWJuR,476
9f3a1670-47eb-43fe-a1f8-0cc0605a8475,Hope-Koziara-321,hkKYxXtE,249
4b8aa1ad-2c4e-4084-8543-6b06c1efc3d2,Kirstin-Pandolfi-321,aq LqBcRKE,114
e96e3027-37c5-46e4-8138-65e20efebca0,Frieda-Havens-321,QxQQnAJEUr,772
b2c46982-d9c5-412e-a776-5f3e92afc649,Elie-Marlie-321,IwApZKrNvCbhCA,87
18692923-c41c-4a1a-a715-4b0f63228a86,Dode-Publia-321,QBKPRVig,418
45e32182-52c8-418f-9a54-4bdd8bf95116,Jolyn-Percy-321,KhKYDnpkNaWqpr,277
8a896ce9-894a-4b2f-ab8f-9ab05af413f4,Etta-Lea-321,XTjMOu,318
543104d0-4595-44c1-9868-4d35d33e4f32,Sherrie-Hourigan-321,grgrsBri,140
70241252-286d-4083-9e10-970db091fe68,Sara-Ann-Strephon-321,qXKI yoqZHt,968
b80ba7e5-d435-4c97-b3d2-7da9f5a46fac,Tami-Holbrook-321,aoaoqJbXNfXO,801
5c9adff9-a2ac-4050-8a3e-9363c138cac0,Tami-Georas-321,OKKSTFgcaFOTUfw,182
b9e44320-367c-41ac-93d9-5d8ace7febda,Chickie-Oriana-321,HNkvAnar RYf,157
64ad6589-8570-417c-a35d-159a644517cc,Lauryn-Hutchison-321,pQvYZENWkW,417
d8e4653f-48c3-4384-9635-4065be33575f,Helena-Longfellow-321,Anms W,703
8538147d-2ec7-4cfd-a89b-3f48c32ed98a,Viki-Morrill-321,ENVwGWYLUocpley,306
be593448-5bd3-4f26-875c-46e5b0a5f2df,Vevay-Briney-321,wstfLOkLsKnt,847
1d94fad9-8403-42db-b840-5d4eea92a6f3,Thalia-Haldas-321,UgDfI,553
e5adb455-f108-4818-8853-e467362aa777,Annecorinne-Hermes-321,Qjlhp,936
6b4c6552-cf60-4fe2-a48e-654ab364aa93,Christian-Jena-321,QLVubNDGLnyDzv,86
5b168a4f-de67-430c-88b2-6ec4a5be2ba7,Basia-Alrich-321,tFZWmp,582
77b4067c-0008-41c7-9cc3-103b744cf0e2,Robinia-Secrest-321,kVzjokJUrCEsU,179
5a381394-8d0e-4604-bb10-a92262c75b2d,Annaliese-Bakerman-321,CmmFmd,103
17655219-fedc-4098-9a13-e75a0c6a2748,Leontine-Alwin-321,xyLbry,571
b91fa3d3-6ad7-4f49-8991-f793219f8f53,Mireielle-Kesley-321,WOzkagMCURED,30
09b1fbfa-06f6-4b1a-b72d-15e728360af7,Lulita-Socha-321,dnfrJzfcsSwoFIK,562
5080f23b-a04a-4ac1-91cd-6e4f322292b5,Cristine-Blake-321,UNEGsbINYrvrdoo,896
9b82321d-0251-4a3a-8f54-59815fc08ea3,Pollyanna-Erminia-321,NjxrvvnOrHLBG,359
2c2780ea-df78-45db-9cc6-5fe5024f48a7,Yetty-Cottle-321,EGsPvbLgsV,96
ae4b9981-4b23-477e-8e49-ba0bfcf368ab,Consuela-Leonard-321,emSmhzq,181
123b5fa1-31d0-4c7a-9b70-6b02cacd09cc,Chickie-Latini-321,KWULpVgnPM,468
67420654-c39e-4931-a6ce-5bfeae5c9cfc,Brooks-Beebe-321,EOyfWBSvwttq,266
ab35d681-8bdd-4b8c-a16f-b158aa3f8663,Aimil-Buckler-321,NJngc TKBdsLJA,432
11bdf663-ce4f-4c71-8eea-8e2139cec5df,Nikki-Buffum-321,o Hcux,376
6f8958f3-7463-45fc-8e23-49ee891d27e2,Kerrin-Amethist-321,pBPiHvtUPXv,562
55369866-05ce-41bc-89d9-3f35e329e501,Dione-Joachim-321,OgccpDuZd,409
127ebf7e-fa4c-4513-9c7f-539565a0d104,Carmela-Hurley-321,lTaREystTeSAL A,513
2bb31dbb-5a42-4319-b49a-fa516f87303b,Deane-Durante-321,eoGAsJcnoDFgdC,113
707b0eda-d53d-481e-a955-16363d4b1a18,Mamie-Tremayne-321,O sNfNnbjheVu,732
e67dc5ad-30b5-4a7a-9049-ca711481bc75,Kate-Jacinda-321,SBhNy hz,764
9eb357af-5a18-4b4a-acc2-7904aff4a970,Malina-Hashim-321,jhMHHUDY,499
9a9d2ca9-ab97-4445-94c5-8233fe201a77,Corene-Erb-321,yepbxved,95
1089e894-68ce-4cef-9433-046bede7d191,Tori-Colleen-321,gjTqRrgoRJp,381
968dc6c1-559c-4855-aee8-cee6b7888e14,Antonietta-Nedrud-321,RkqmkHjjk,669
50b6a850-47e9-4953-84c4-ae2f90ec484a,Maurene-Oster-321,FwHudRszi,879
8b353a52-fa27-4da6-adbf-95707b6eb814,Rani-Philipp-321,nSLFvyw,560
d70f02d5-40b3-41d7-82a1-ee1a2f876fbc,Pearline-Norvol-321,VeQPpHRrVCOygyK,431
85389a6a-19bd-4995-bebf-e8acec48e28b,Deedee-Morrill-321,AwlPmqBuCPa,271
f9b66e76-ddea-4db6-9fd1-4d7f452b2202,Dode-Tillford-321,pCnMJVXH,465
3c2b7fa1-2000-41bf-86e3-dfa212abdf4d,Janenna-Janene-321,yXqpllpSHyDKwjA,391
f39b3fee-dfa8-47d4-9b44-4997a8a02d38,Lisette-Larochelle-321,aMGRn qFpO,543
a9566430-37e5-4328-877f-6d0bfa70930d,Charlena-Brackely-321,OZMkZvSI,743
11851a2b-d161-40cf-b421-ea3b56986f13,Elora-Azeria-321,kiFujym,559
553a308b-3218-4334-a709-638e49c7c55f,Judy-Vorster-321,hOzCc,399
84e04281-6e74-4cdc-84cd-f5508f414634,Sashenka-Pandolfi-321,exBBzsCrTOEEZyc,961
e23d472e-827d-48c5-a993-747de692f8e0,Hallie-Brodench-321,QSWvyDgNOzZ vSQ,30
89cb6f86-2d9a-4ec4-8526-05b291a2ad3f,Alyda-Gabrielli-321,YeTnfn,235
27da9e40-4917-495e-8ecd-725f5690192b,Fred-Oscar-321,oARWoPtreUilydf,492
99f4c64a-b0ea-4668-9d76-795c25b33246,Sibella-Parette-321,zpCne,952
0e85d6f2-be78-40b7-8d25-53e58ab1ea26,Helsa-Socha-321,ry FrGFTEW,298
4c713632-8f4b-424f-b87c-0d30b17f30ab,Dorice-Azeria-321,YtBIpnPdfbsHGdr,449
12698bbd-ea75-450b-83cd-8608975722d4,Melina-Lipson-321,nYFmQosPW,751
1ab9c697-9441-4693-8e13-5fb9eeb509df,Lorne-Jeanne-321,DVEDvi,473
c4bbc694-3518-4da1-b836-31ef2584b2b7,Elka-Solitta-321,TJuaeTOoa,902
89ed4c53-7f72-4759-957b-99153f97b45e,Juliane-Euridice-321,htXfuoiXUxEBt,494
0800d439-3af6-4828-a6b2-404f8f07097b,Rhea-Meli-321,JaL BTGqhTIZI,569
6d20c31c-70cb-4289-bca1-0b68a50e4daf,Kristan-Cullin-321,cXhbuaWaD,513
66af4946-af12-44fe-9efd-dde30bdacc78,Dagmar-Esmaria-321,IhuExFOejIN,726
6b57e6e1-e318-4fbd-b357-a7bd16c11ab9,Lila-Zamora-321,wGwlbnnYXafzGc,661
893fd555-e7d6-4abd-9a50-219b17ea09ef,Carmela-Hirsch-321,SHERAYjzeZJfa,579
7b865bf9-8d82-444e-b782-9dacefc26f25,Rani-Nunci-321,LeIXtZFOnRlvVL,473
5dfe78f3-ad84-48a5-835b-1c940f4eb3bf,Stacey-Pelagias-321,yvwoxHM,912
5e459de8-fb23-4075-8517-0644f687e4d3,Kamilah-Casimir-321,nmTyg mHzHLCJd,450
707e9edd-c942-4917-b90e-c1f3f8752c36,Elfreda-Phi-321,QEMuBRk,458
0f37e58e-c8d9-4fd3-96de-e31559bb0bd3,Nelle-Klotz-321,fEyFri,65
566fc5a9-359b-496e-bb3c-803c32c46039,Melanie-Hessler-321,bNiS ,983
48c24ef3-3664-4cb0-9d05-a95ab632eed0,Caritta-Jerald-321,zTaMbbC Ucpm,517
01fad07d-1c79-4ee1-b126-2856243dd73d,Genevra-Jillane-321,dJKGPWMDMhxOrZp,654
c55c86b6-d200-4d35-bb06-fe60f4b668f9,Deedee-Obed-321,lJdZdkimHdjrY,304
3131f560-4702-4132-bdbe-f33fba67ba00,Wilma-Lane-321,dTyhGYwmUS,687
6cde903b-cb21-4b72-9f5b-803474ac1ee7,Cyb-Allina-321,rJsaAOQvSP,590
07ce0f95-0d74-49da-bf73-ab3e466abd2a,Fanny-Bearnard-321,EmPyytG,448
14c054ac-94f9-400f-9a7f-e9df695c9d4f,Marguerite-Wyn-321,UbVqo,150
2a9eff77-2e9d-42c1-8cf7-8a7b5d1dce2e,Brana-Dudley-321, ZRgojO,903
d540a004-857b-411b-ae5d-49a8e172612c,Henriette-Old-321,mFOjYxfrie sqOV,834
665820df-0859-4720-9e04-5a8bb3e5e8ae,Dale-Selway-321,LSJQGY,653
537c8e26-6b4a-4094-bbf9-9a8c18a8ff56,Lynnea-Poppy-321,wlYcFW,273
1e6e82bb-806e-48a5-937c-6c1180a8902c,Andree-Belanger-321,YVWbv,768
e8db482a-3a8b-4130-9d4a-ec9fe2b6e23f,Nonnah-Milde-321,GhaXkOc,22
8676f95d-eb25-419a-ab72-07177a69c885,Luci-Serilda-321,wSPQtURUz,334
bbaa8510-be2e-4f75-a585-cc6839cf75c1,Daryl-Corrine-321,tXacu,42
2438c42c-bcb1-4c89-8c24-c06f3727e009,Tersina-Moina-321,AQyZQxORSXwFAn,508
0b2a80b7-cf39-4e91-b9e1-cdf9a69870d6,Alejandra-Kiyoshi-321,bZUuVDGDcEOD,702
a62cb4f2-1c14-4488-84e1-61a10b190975,Ivett-Oneida-321, wVuzQaRmeNJhs,887
56d6ebe6-75aa-48b3-9380-6ad762658331,Chandra-Fleeta-321,nfkKghuzNO,560
b938defe-a75d-4eec-9e2a-e4f10c85bf49,Arabel-Kaete-321,eLmECCkQU,139
d2b81cba-1e4d-400b-91a3-a6ce526d2297,Corina-Gillan-321,ze tzejx,425
734c1b38-2d66-483a-ba3d-3fc77afa3180,Zsa Zsa-Alejoa-321,BOYM DfJhvIKhrs,772
da79d1c1-d72a-4993-be11-2ef07870cdb7,Cristabel-Willie-321,JEWkgEQfnTo,212
02a3a008-a8ab-4023-9db8-72c7a1fc270c,Marylou-Rugen-321,dHbtIwDy,177
5b7b2067-56a9-4a52-a460-a0c5414ebe70,Tierney-Melan-321,evGyzZu,81
f8b3331c-4add-4e3a-aca7-7d8c8babd33c,Tressa-Roumell-321,tEfhpFQSLMvEvY,619
ab74be18-fe1d-4126-86ba-5223928d9f9b,Lenna-Morrill-321,XseENykl,718
960f8784-7b3f-4040-8da6-f4482a9fd87f,Nataline-Alexandr-321,TEknoH,718
648cda6d-3864-454a-ba6a-8d1fd543e8ff,Clary-Fillbert-321,UGIsQE,469
39a8f99e-3efa-44b7-bd30-21eada13cfab,Miquela-Solitta-321,lPykCxLbnr,780
2f79d59e-f492-48e7-b95d-33c19369f8f9,Clary-Dulciana-321,cBbbnW,627
5dd20ade-59ea-4276-9928-affdcf2aa243,Julieta-Lesley-321,tfgqhbUflSVafMB,116
5eeb2b43-fd62-421b-81d5-df0dbefc190a,Ira-Kesley-321,PdQqWpetxlPdwn,191
4e1b9130-329c-417a-baff-8ed8fcb184a2,Berget-Tamsky-321,camoOGta,110
55a54827-de33-4f87-bded-48c57480680f,Ebonee-Shields-321,vtcqTPuP,601
65d28105-4eba-46b4-9d9f-5102036bf82c,Asia-Martsen-321,sfaWpmPVUcrXd,539
ed5bb801-3ea1-4a06-a34e-fbeee0de53d5,Florencia-Franza-321,OEpNP,38
5b8f53b2-066c-4597-a72c-931af2deec76,Cristabel-Kinnard-321,UTtAXUmh,551
47851ee5-71b1-4d01-842f-6ffbc8348ff4,Kirstin-Hedve-321,NpiiIjifLIFFAQt,141
ef9ccd4a-0caa-4e5f-9e7d-4c101dd6d182,Gui-Klotz-321, Rzjl,1000
e7ec408e-b20b-4f9d-8e8c-b130fc7309e6,Joane-Devlen-321,VQWUarpgffq,957
0d397aa8-466d-4c71-a78f-1a9a3fc6af9f,Marleah-Dorothy-321,ZkVoO,453
05a03569-660e-4aff-9cc6-68571b635a62,Helena-Ciapas-321,iJUdfFevddKjiV,200
a7c0d60a-445b-4581-ad4d-858f0f4177a8,Di-Peti-321,EWSBwoyGelIm,701
445476ba-c342-4b85-919f-ed21d015c4fb,Kalina-Eckblad-321,ICmQfvlaBtCeZEG,202
0c337e4c-245d-42b9-8de5-a5cb31b2881b,Roseline-Allina-321,NSpEDBxflC,404
e0b97d3e-478d-4d2b-9440-3758603c2ea9,Lorne-Croix-321,vlBuSaRqOiBgDYP,344
36811e7b-308a-457d-822c-fd52f1b67a8b,Tobe-Wilkinson-321,mYHvleblTq,144
342c6856-d074-4eff-8e41-a3b404900192,Priscilla-Alexandr-321,mzewnmQURZwr,532
4810aed8-71e8-4933-abcf-4bd8f2029a6d,Nyssa-Luhe-321,MVElfJdAXZ,564
d7e40055-b61c-48ec-8d8c-325faf91f1e0,Norine-Duwalt-321,MCLVPPZqtrNH,417
45de6133-0dc2-4d04-af72-2987c4b810be,Merrie-Nance-321,TfoniPuZhiqevEG,879
32eb76e5-0b1e-44d8-a4f1-0669da41db0e,Blinni-Poll-321,ENnVMoeK,111
e872d41e-79e8-4b22-998b-9d2fb0994e56,Dominga-Kauppi-321,GfeQQVtExlYCW,33
393285ae-3799-4418-9ce2-97abbb04a139,Marika-Prober-321,LvQNinoFlcow,733
426babb2-3b5b-4360-9eb8-f062491291d6,Carlie-Posner-321,xAeDj,538
67d012c2-084f-4fb9-95a7-9926b2879bac,Jessy-Pernick-321,kwsrDE ,744
c52882bb-a532-494b-bb09-f971ec5353fc,Nelle-Woodberry-321,WITyfZ,529
07d96dae-7349-4f83-b7f0-4f1a4d1b7bd7,Brietta-Cutlerr-321,MoaCThTBqoatSL,580
3e4a0bdb-d6a7-4f2b-8da9-50e71a525bf1,Maud-Land-321,TdYVIk xULS,71
677e34b3-dbaf-4d8f-8370-b0df28885f04,Adele-Ferino-321,BeZDS,767
e15e45aa-70c4-45da-9e6e-fdd478d37df8,Jordan-Harl-321,hfGwUab,254
f6a9c5b5-a3f9-44a3-8986-10f3923e3aa0,Wilma-Aurelio-321,gfpitde,568
68d6e98a-ae5c-4849-a1ce-5e6133167018,Zsa Zsa-Corabella-321,ioZGydP,609
1afcf639-a551-470d-943d-338909872702,Lory-Lalitta-321,jDWaQDrYrNxgYl,668
53af78f6-1632-45d4-a9a5-196f5af745c9,Marika-Chem-321,LngYcE,916
768a9748-9352-4f0e-8656-1909c6102a19,Marcy-Dimitris-321,jSJkdhcdA,606
4152fa1f-eaaf-438e-a894-8c62188db648,Binny-Glovsky-321,l zFWgqGwTLVZ,839
863236d8-b8e3-405b-a9bf-dfcb47fa4a83,Corina-Geffner-321,hqhQa,123
6f0f5daa-1f43-4887-b5b4-2b1ad568d8db,Wilma-Wildermuth-321,gaOeo,815
6bce6d07-2f34-40bc-b62b-bfd2af8ca9be,Caressa-Kermit-321,pTrqyjNBuseg,930
0199ec7b-b236-4b5e-8abc-df5ba57d52c6,Beth-Kosey-321,CmtLHzKPtEnVZrF,586
4368806f-d580-43bf-a848-88eec17faef1,Brooks-Brian-321,tgntflOCCT,978
8ce1e013-557e-4018-83e6-9dce0baa9ed5,Sean-Stacy-321,F MHwikoyI,302
19b15af5-f74b-49b2-ad46-c88e5fe2db30,Benita-Fairweather-321,EbGIMqeEv,450
19af7543-16ce-48dc-b84e-1bd37f8772ed,Frank-Kenwood-321,eJTWhdFwev,834
61c0a9f6-8638-408b-845e-89e96b9a2002,Layla-Jerald-321,IGNR ckxwbisKkc,845
6945a025-e33c-4d63-ba62-e7f330e5bcc2,Ebonee-Nikaniki-321,oIVpROCFA z,710
0da01f49-d2b0-4d05-8079-0be090944009,Leanna-Judye-321,fnYWp,36
0b220f47-8b02-4adf-ac96-3db7be01cf04,Orelia-Wattenberg-321,ypS GQ,386
fa3cae0d-a3ba-4df7-a8e4-684412afa7c0,Kaia-Byrne-321,tTNQpeqtQZbe,918
ba04e624-15a8-4a89-bbe6-7a1789b6b313,Mellicent-Fiann-321,VCUiL,40
f2a6160a-4c5e-4dc7-8a73-a282b34de48c,Rivalee-Urania-321,IAIanKnPpHD,191
daac5036-8dd8-44c5-b936-93988432dccd,Cyb-Demitria-321,SeNqzhRnZtZYa,397
62d78df5-5332-43d9-ac38-34415ecf1e2f,Jean-Koehler-321,gAMwUZh,651
3792681f-c372-496d-a574-ad9399b98014,Mary-Goddard-321,qPMFTYewM,308
c9e933c0-6372-4fcf-a3a9-d440c82e81c7,Jacquetta-Emmy-321,DtRvPgyeDlQxmnt,534
219c0aaa-0daf-4c03-8cb1-21ba89a9a8c2,Constance-Shuler-321,sqWhbiDiWnkbW,854
d5e3429e-6573-42e2-b3ed-c13e00745f72,Veda-Suanne-321,myVbkOtlsUbYXGm,807
270592b5-75f1-4a82-a3e1-42be5b58e6c8,Adriana-Sophronia-321,KHMtgiurRFCd,892
33e9455e-9f08-4ff5-9f67-419e40af101e,Evita-Smitt-321,y TNJzLcBsXRwMJ,561
9863ef56-a019-4d7e-bd2c-1c3de354c376,Bertine-Donoghue-321,odRAb,896
9b6df600-4d9b-4484-810a-fd1c1e8bc416,Asia-Salchunas-321,rBTCnCmRPTg,383
7fdc19e8-c16b-4ed9-884b-97832ccdfc52,Britte-Himelman-321,bbSzcmWClIz,168
9983c4c3-27a5-4255-873b-b591b715eb7d,Ada-Terencio-321,GIkvSadEEhQwE,122
bd7d049a-4f95-48d7-9716-b48281a1475f,Chastity-Chandler-321,gXewOhCLJwY,969
b71c878a-8295-41db-b3d1-2af80a00fcdf,Vonny-Quent-321, WzACCOLDmHfuge,278
6ebfd776-e059-4f03-8b11-4adf03c09fee,Gale-Sheedy-321,ZGZejJgjqQohXNM,190
fd12b24c-7f01-4af0-9eec-6e343938aa9c,Etta-Winthorpe-321,HNvUfmws,452
28eaaf2c-6c60-4fbb-bb87-7b1e19270988,Nananne-Bobbee-321,ojZtOXbXQsMCQhf,762
c249466c-d629-4ddb-bb30-3e289f26db09,Gloria-Moina-321,jbMYSDMObkiBISS,301
38b79b7d-db59-42d5-9d3d-76ef41c6050b,Sashenka-Lubin-321,cxdwr,609
7eec34b6-a985-4d5b-a5bd-e833f6326aad,Clary-Chapland-321,hIOUIvKybZ,87
9766d878-da71-4d4a-8cef-de3c2bad524e,Fernande-Zaslow-321,bAEslhpGiWc,122
b2f5d31f-1210-4848-9f0a-224f98f80d4b,Meg-Fairweather-321,M rVipY,327
15a733ad-5b81-485c-ae83-948d3fca48c6,Ericka-Anselmi-321,UVKMiF v,470
2eb6826a-8fee-469a-9034-b0ad51c0e55c,Riannon-Douglass-321,oeauXsaxG,304
28642daa-c3f2-477f-8514-05b149ebb40f,Gwenneth-Bennie-321,bozylPVhCbEz,308
c853b4a9-91b6-406b-8bf9-5dd191386c50,Cassandra-Buttaro-321,hSiemsxuoakAlMV,69
a4f03716-74d8-4e17-addd-ed18140d2c79,Leia-Gahl-321,CpZaNhnEZ,233
6df6e94c-0e75-466b-bda9-8399d568ecdd,Roxane-Linehan-321,pwXpfNGMXhSyB,626
3ddeb9ca-a8b0-452c-95e0-1fce27be8ac8,Larine-Hanleigh-321,mIbljtBkROGua,976
8c883209-becb-499e-97e9-9e720cccd62a,Leanna-Gamaliel-321,gLDtZl,971
5b34e0fe-0a2c-4111-9e51-86222fc22bf6,Penelopa-Kevon-321,pbkOFEAZYpl,320
ca62466f-7df8-468f-a198-83ae0607ed7d,Kalina-Charity-321,BwSOngSvHP Db,484
4a486b5d-b32d-42dd-b309-12889a2c61c9,Frieda-Pierette-321,DNdAKNeEuoXG,240
b8d521c3-6b7c-4f32-851c-087135c96c3d,Imojean-MacIntosh-321,aRxNmpw,213
a29e4273-544f-492e-88d9-41ec54a28652,Tami-Artie-321,pnsAWnu,556
b1603551-9725-417f-bf2b-6096ab839e73,Sybille-Hathaway-321,jpHRawBi,95
1e870f75-a053-4a3d-89f1-f58577ee5718,Mariele-Llovera-321,BKnfWDaIK,133
06796752-18b0-4ca6-b032-05971d200879,Taffy-Mike-321,GtJvoEAF,36
1c652c8b-0fee-48fc-ad62-90350d404886,Elmira-Ulphia-321,qmNmyiEoyT,963
a3921fec-0ea4-4fb9-936d-5caa776f3f81,Nyssa-Winnick-321,MsZQrhRJ,609
38e40cd2-6c9f-438e-9ab1-8e546354e50b,Loree-Standing-321,LpSSOkk,838
c8851a8d-8028-45bd-b90a-f7dd6e099f8b,Beth-Mike-321,YBpiN XolhETXk,943
677593b3-58e0-4b5c-8751-a98ff9b096cf,Catharine-Dex-321,QvlHv,309
5ca9db6c-1036-4d37-820f-49e82dbb7631,Fanny-Morgun-321,CzQih rNxcmfC,970
4ea2ea55-f15d-44bb-bedb-82a930ab2474,Eve-Bettine-321,frjSQ,61
c3d105da-3306-44b8-8d4d-93ab9e549de7,Correy-Lucienne-321,jUegwwOD,722
9616be53-42e0-4d2a-b471-87a3387f176c,Jany-Meter-321,XmwsM,137
505e67dd-f709-43ec-a3b0-4950d0e96180,Libbie-Stelle-321,neWDT,102
ade72480-0322-4ac8-a160-55c3e8fcd0bf,Amara-Klotz-321,RvwBRuoLFqbDhAY,501
c28bca48-b271-4037-805d-c228d0b6ec97,Mellicent-Charity-321,KKSfGGUEGlb,279
b93a63f1-1c6e-4aa7-9696-f5fddc15e967,Clo-Erich-321,vwpOvcPJWvMEJ,10
a681fe20-c320-49f0-a4ab-4c97d1f21316,Jerry-Cloris-321,BhkcToV jNePh,627
c6b0ad3d-a375-4cec-9f41-5bcdcd7e6baa,Joeann-Rooney-321,MjoldTGQBW,654
13a8d52b-66a7-4f5d-9c6f-622e5ebb2b64,Wynne-Glovsky-321,l Nh NX,762
11d7783c-f14f-4ec6-8662-44dfd4f7a559,Pollyanna-Deny-321,WzDUR,35
7e7968d0-839a-4dde-9618-8bdbac4c2b52,Lilith-Matthew-321,VgYlrDjFWVWYKS,964
1c00cdf6-b665-42b1-9ace-4621aa94479d,Rhea-Zachary-321,aQCPmvKwBXaR VU,880
aa3e8052-f93f-4854-9a28-118da89ec3f4,Cacilie-Euridice-321,BOlXxvm,766
c59074c3-b84a-4fbf-8afb-c14ba24dc3fb,Luci-Hutchison-321,CqYFmmQmKxA,71
aa1af681-c597-43dd-a641-eac5b3375a06,Kellen-Ethban-321,srNuTXOHQUBg,239
b80c1417-6a09-421a-a200-b6d65845088c,Almeta-Morgun-321,PykDjiRHngoseu,297
c4aa2f3b-65aa-4be2-9826-0e02b6dc3e2b,Magdalena-Arathorn-321,HLjZm,727
04e44207-34ef-4a83-8087-046802045df5,Aili-Florina-321, OTsIF,403
0b4c918b-1ddc-4ea6-bbae-7b4ec42fbb12,Linzy-Fairweather-321,cgKmzFmDiSwMGyx,816
7da374bb-61a5-477f-9a7c-15d61ca3b18c,Berta-Zeeba-321,KtdHjkMOM,838
9e451886-e85d-4b25-9b2a-f7f60fc8ccf8,Perry-Levey-321,rZxdLz,417
5c73ff3a-dcfa-4f8d-a61a-d8a9d93158e0,Nadine-Faust-321,oLTwPjXaHF,670
7148721a-8221-4d0e-a0ff-d1406c630693,Lorie-Fadiman-321,cMsGqhNQnZqfdGO,946
151b2e60-3fe9-4891-8083-9804e7560cee,Queenie-Atcliffe-321,UtorBA,291
3f047e3b-86c5-41f1-9ecb-3f2d614101d0,Lisette-Lytton-321,DGwHqrxk,962
ebf21693-9f5f-4dd9-b216-c4aa7a2f0d97,Marleah-Anastatius-321,MLmnb Wtenj,123
60d28bf6-fbc8-4a81-b37e-49b51115d674,Ada-Fairweather-321,qruWN ,912
a9c51530-eda8-4c25-ab8d-83e386317653,Katuscha-Aaberg-321,nA BgwYqouGQLUc,130
d82da5eb-ca0f-4804-a810-8d8a43e20a0e,Zaria-Gwenore-321,BvbJOfIHwhFUo,439
8ca8141b-486c-44c4-aa16-c7c3bba9f3fd,Luci-Secrest-321,XBpQZPEUK,542
9bdd7081-0946-430d-a69d-4da613b62b42,Jennica-Jorgan-321,utoIf,959
8be7c6d0-a4e3-44fa-9ea8-5ae006e54042,Brena-Haymes-321,zPzH ,948
79815d01-ba5f-4585-ac45-883ec2ac486a,Annice-Craggie-321,KJiIBTiONxnMPL,165
ba78aae5-91ed-434e-9440-b44ce24972ef,Ariela-Campball-321,ExBaOFZsyTkhb,882
e307cfb5-e85c-40de-b1d5-7d2be74638c6,Evita-Bashemeth-321,uYHBHjykaDMI,899
2b75ddda-13d9-4fef-ad7d-8848e999bd78,Amii-Strephon-321,lOQmMscDO,593
d6dcc6a7-9928-43c2-8c45-ead16f3df168,Allis-Rebecka-321,hhBaOXqOY,243
182fc433-5906-46d3-a42d-196655440337,Talya-Alejoa-321,VZKvtySOlseZARD,858
e04c95f2-111e-45bd-a033-0c3e34357714,Linzy-Waite-321,kdjpWfsVfav,304
2cd84141-ba94-4895-9001-44ac4f80091b,Hayley-Hirsch-321,gUOyrzr,517
73f1279c-98e2-40a8-b457-47c52716664f,Dorthy-Richers-321,ScXWTB,96
058150fc-d52c-4816-8048-8c8b499d8513,Millie-Paton-321,ska fWQILztOnT,383
ff7b9b69-5813-4775-9234-782cf6e09972,Sybille-Sacken-321,mhBrGhojzTj,469
0e22ca73-8cf2-4f14-83e8-1758710b4c06,Jessy-Annice-321,jgsenIKae,849
5c1aaced-341b-4784-8fc6-bb800da08045,Karolina-Sasnett-321,Udiyv,806
8982f7a8-a0f0-4fbd-b05a-93b84f6218b3,Tomasina-Roscoe-321,enolXpyceP,87
37cd0d64-2020-4a60-9558-1a888d002ecf,Feliza-Mauer-321,kSnNMXFg,588
90152f93-4d5e-44ab-8ecc-a42a450d0c6d,Tierney-Hewitt-321,bQgIRiOfPCj,931
cddd451c-87df-4ddc-bb35-ec13d2ed46c1,Arlina-Mintz-321,feKElJyjjuuw,170
6cd657fb-88b6-4b21-a8e5-31eb3fe9a199,Harrietta-Minetta-321,vIPOnV,733
dedd0b7e-5605-4cfa-b0a8-b002a8aba545,Jolyn-Girardo-321,acwRSvfacBEITz,68
9bcff555-1483-4a6c-ae52-0d1f4a433713,Annecorinne-Diann-321,rlFkzqUrAquXm,428
d149b88f-8b9f-45ac-b5e2-36cf343837b7,Joy-Therine-321,nlYxgBQPuANxGN,828
f886c149-a082-4b57-b38a-621500dda282,Dolli-Corrine-321,gNEMNVfgFHCgGAd,564
0519ec47-534e-4089-aa1a-a898810b77f3,Peri-Tarrant-321,YGgvTjYL,451
d3a60ca8-1dd9-4648-b75b-305bbac0aaeb,Sandie-Jary-321,OtlpoQmvPddT,836
95f53ef0-121c-4dee-8047-10eb970e9139,Caritta-Douglass-321,FoHuR,923
e5dabf37-5d1a-46f5-8832-e2cefcd017fe,Orelia-Kat-321,umLuzuvnPjyBEh,784
b2aef365-fea0-48e7-9191-2974c6a148d6,Corly-Hoban-321,wvVlPfV vow,915
62945ca3-9ee6-4ad7-823a-a5114c854582,Patricia-Erskine-321,lIpfsN,874
196f40b8-2a2f-4bcb-8879-19abf213c7bd,Kaja-Elo-321,JVwDOXLHhacz,929
97c7e7bf-0ef4-4f5f-a639-1248ce852285,Kirstin-Marcellus-321,fUJDZeD,781
5f067e7e-3907-4aa0-9bd4-d265bbcdce2f,Mathilda-Dreda-321,ERuNaRzAZ,827
a6e8cdb6-5fdf-4592-a7e5-99996945b7ac,Hildegaard-Bari-321,sERmiR HHcp,703
52fe78ff-be0f-4baf-867d-aa19996e86bc,Collen-Dermott-321,sWcKvVaUTHqfNM,159
a3942fd0-29d4-4f80-8d6f-01251e34acd7,Carmela-Gherardo-321,VtoOJmyyVMGe,177
1a3ffd68-6a96-49a0-9954-89da7408c2f6,Korrie-Dannye-321, HFGgVdPUqPjk,250
26a1cd82-fabb-4fca-9514-0307e8562f84,Helsa-Kravits-321,znHbOTKMlsMI,754
999db522-9d17-4d68-9415-70c4dfca6c47,Tomasina-Ochs-321,sAbegAErKtpl ,867
df815f98-be3f-4e51-a6be-77cd20baf92b,Stacey-Astra-321, OTHBNTVVzuAcHQ,428
961d7294-4ae5-4f56-bf48-b771af9e5858,Renae-Colbert-321,nJxUcwzXswSKRUF,533
63f6bb86-828e-47f9-ad30-ae325564ad25,Deane-Weaks-321,RaJHhexfolL,734
89e1a2c5-3c62-4be3-9cf4-dea3f01e6062,Mallory-Riva-321,i LThXvU ylw,703
f831207b-9eee-4b9a-9f7d-22ab88643c97,Gusty-Sisile-321,MurdtVRgZOFU,323
30cce7ea-5e3d-4f4a-b35b-1938752d3267,Mamie-Darian-321,KVBMj,492
514270e0-375a-435d-b611-7d3eea75beea,Codie-Redmond-321,gLpJsq,754
b392e2ff-2f84-4b30-a174-c92b41b75742,Shel-Casimir-321,UtoY ItvHEyfmD,552
78465bb3-c29d-45e9-ac83-fce83656dec2,Sibella-Tybald-321,CIOtZYthXs,905
609d4f46-92c1-4cd5-8ec4-14ab051d725a,Yvonne-Wildermuth-321,pvNfQcXMXcdn,986
56824928-818c-45de-bb2b-3e3355f00986,Wynne-Stoller-321,leXmmNE WScS,88
4e1806f5-1408-46ce-9b96-00175d754b49,Betta-Noelyn-321,JadSGn,914
0c47bce9-c24c-4e07-9cec-6196214eafe6,Phedra-Lia-321,fXPPCDNmQ,891
56fe055f-87d0-4f95-9649-ac01d63c5a0c,Joceline-Carri-321,whuFR,413
7389c9f7-b11f-40d4-a3c4-aedf2f1de216,Micheline-Adlare-321,PZWeuLOA poLOf,253
bf0a11f8-9cd1-4507-92d5-633247f650be,Marcelline-Brenn-321,SjiKdNzqh,644
18f63876-69b0-4738-ba92-5eeabba78646,Frank-Bollay-321,LTkxSksgWPYtTX,267
2c1fbdbd-4ef5-425e-9d92-cd0ddcff15a9,Ellette-Faro-321, ysSS,190
d49828ef-6f8b-403b-9e33-bcadeda9fb58,Nataline-Nore-321,mme POt,451
937563e5-522b-46cf-864a-366e435162a3,Codie-Nickola-321,ImruFZftnWg,437
9e046094-0dc8-49f5-b153-a9bcaea9809c,Mahalia-Zaslow-321,scEzRtX,799
d7910e74-5298-4482-b246-da45c41cead5,Kristina-Ventre-321,wIgtd dBl,290
e49475a9-85be-400a-9b39-526b03bdb256,Tarra-Bahr-321,L DlvHkBVSQhcAj,241
3e25a027-ed3a-4590-a801-5c32fc9cc6b2,Drucie-Sallyann-321,BhieO,863
8c3d823f-33fe-48a6-83a3-8ca543ac7233,Carol-Jean-Iiette-321,aJoAltsV Nls,438
0ca7297b-f710-4844-94f9-adc94b771453,Ileana-Carri-321,TTOiVZVgIjcb,53
af52792e-eb3b-4b63-a5b5-8813578535e0,Norine-Phi-321,OVRmvRw,985
5c4d5434-6b3b-49be-9444-1d512bac50af,Roz-Alejoa-321,Yvl xtwvlRttS,320
48c20221-f16a-421f-a5a8-83103867ae0c,Krystle-Rebecka-321,EhvDGBh,281
2850fb35-889c-473b-9cba-ba02bfab5096,Kassey-Barney-321,ZcaTnWEcbDA,292
3dd75e47-293a-40cd-9145-a05ff2642ed6,Lauryn-Urias-321,NRGjfu,761
7d79d40c-4840-4f9f-8dab-86d0b0660080,Jasmina-Loring-321,cpUJx,785
a85bdcbd-2abc-4396-b445-4247b15665b6,Myrtice-Dowski-321,voPDTomCGYtpf,174
9fd02fe7-99a9-4fab-926c-ad5c1233f8a3,Caryl-Magdalen-321,ccWzAZuoPQJkX,69
df74161f-7144-4071-b9e8-8454400d589b,Chickie-Lipson-321,TItNmltBzwJIppQ,54
d2afb0f6-9f03-4414-828c-78142231c2e7,Kristina-Shelba-321,ACeChApAVWC,234
a89ab8d0-0b18-4b6f-9705-590222b1cf5d,Audrie-Ferino-321,YGPuE fiyAnVl,733
b40184c3-20aa-4b6c-8d35-aedfd3468f95,Marline-Adrienne-321,ETpFKIY,462
99bc2dce-c5f3-4203-8281-8d497cb3ea53,Demetris-Juliet-321,auZJSW,316
411e0764-0255-43ce-805a-f98da38ac3ee,Tobe-Simmonds-321,UWmWjdoBFPvne,27
441c0066-2163-4a63-9ac5-a788a1b70aae,Beverley-Rubie-321,tceEGQeyp,919
22ab2090-63ca-4896-b3ce-b4bf428dbfb1,Oralee-Alva-321,VkjBzvaplEsTWN,722
400f9545-279f-495c-bd16-c385adfde3d1,Ulrike-Martguerita-321,AAwSWuez,698
a2a65e3a-9774-4cd9-9dea-d5ca2b346587,Oona-Rozanna-321,JqexM,256
6150eaad-e3f4-46f6-ad25-6dbbe8e4c187,Emelina-Aaberg-321,AJUHdJFp,571
2f96089a-1c8f-4d90-9971-6dc6ba781596,Audrie-Cherianne-321,twmKJnZyDPKJM,901
00f5689c-98ef-43f5-95f7-1d1cba67e78c,Brynna-Isidore-321,WzraJAKc,979
1d02fbbd-5ffe-4589-90be-cd95e0d66346,Molli-Hartnett-321,kwLhMzq,797
f660039c-f128-40f2-a739-4f3739f945a6,Dagmar-Briney-321,FwnkyPbhmlMb,784
945eeb56-cd04-412a-b442-d8b608c0d21b,Brandise-Maxi-321,DMPQw mqwHqrPDz,40
361952f6-68c9-4a19-85fa-ae6b5da72862,Dari-Miru-321,bpSCft,752
19f809ec-7bd2-47ba-b57e-00d1b4cbb7e2,Viviene-Kimmie-321,rQeoswA,175
d027ff6d-2409-4f7a-9f58-c971331e60a5,Gertrud-Baylor-321,jmcENxNTp i,935
d2242a75-ba89-4692-b4b2-50b69ee2caff,Olivette-Leffen-321,SRuQcOm,663
503cd0c9-e09e-4fce-b1c4-b93fd876da89,Iseabal-Dorcy-321,LRGaZzYwwCWtlA,547
0106dcc5-b908-4a8d-b6fd-328a93c9837d,Catharine-Elisha-321,Km qTmyG,776
00a65ba5-4e34-412c-b21d-2dbb6b977a09,Deedee-Joseph-321,rmHdbucMC,463
6bc3ad6a-42e2-48c7-9453-3a7f486cf78f,Patricia-Amethist-321,cGZfIO,915
67fee71c-543c-4201-b938-e39dd9e1f767,Raf-Fleeta-321,SMheUQ,275
3813aa66-2ee6-4d3d-a4c5-992a020554ef,Bernardine-Rillings-321,jtb avy,614
2dbecb85-8631-4aa2-8203-12567f7e1850,Sandie-Belldas-321,ZUmILltHOQOB,463
e8737d5f-552f-47bb-b5f7-f8b30cc4ffff,Lacie-Center-321,OSYomiTfdwEa,809
43704ef5-3180-43b9-a5a3-b7309517e8c1,Marcy-Donell-321,hbRsznY,611
28277061-69d8-4198-b997-6be38a76835d,Wanda-Jefferey-321,BWEWHEuUsV,50
3decc1a9-bc67-483f-b577-bef37866201a,Dorthy-Kermit-321,RnGslLjr,340
dfde1d7d-89cd-4e0c-807d-4d7d4c2deb0e,Lindie-Doig-321,TBbhNONhTw,297
1866a61f-8d37-41b9-bbb0-7c84f987f313,Carol-Jean-Brackely-321,zufkIbdo,880
1a68f64d-7b80-47ca-b066-bcd3391d9c32,Adele-Joni-321,LgVkKfvuA,572
f9168de1-7248-4fc4-9a50-4cc8766dc63c,Dorice-Macey-321,fmmhjklhDwuZDs,995
451d7d36-63f5-4a3f-ba32-49684b084c83,Bertine-Cadmar-321,vWHaut,333
749324ef-73c4-4e8f-933d-61470e852fe0,Gabi-Burnside-321,WwFaDnRBJMGFLa,562
bb1aa32d-a330-49df-90dc-116721921249,Raf-August-321,vPtMcCyUM ,266
88496ab3-7d37-464c-a1d5-a9e1dc086af6,Fredericka-Elbertina-321,RuDtRKcHDd ,21
61f7a8df-8c73-4666-927d-3f56dac2a542,Clementine-Reinke-321,PHbGOVXUNX,345
e0334d34-0e26-4011-ae1c-5a33db3521fb,Sandie-Stevy-321,iQKRdcEc,919
79bf0200-2667-45dc-958c-db6ab97a40ca,Gerianna-Gombach-321,hlEMnvxjILoYIE,344
c50f910b-e60e-4a5b-8144-6fdc1b73a27f,Phylis-Halla-321,v GfCbDBE,591
9b6b9a7c-cf2d-4972-b323-5be403b6dd35,Yolane-Llovera-321,vHuCG,140
12b51bee-e46f-4aaf-b1e6-904b26dc6365,Mahalia-Raul-321,nRdLUpVRf,738
47771bdf-95a5-49b1-8c6a-b279cdb70cd8,Camile-Barney-321,ivQzoksQkM,471
f92db15d-b7b3-4cb2-a05b-c8ca99565882,Maud-Chandler-321,ektSPPWNglgi,540
1f3c747d-79d6-452b-b3ea-8e9c7b513245,Deirdre-Raffo-321,QGqfITaJ,666
2b8ba8e6-19d8-4481-ab79-138a7b3f4a5e,Oralee-Joli-321,KyWsrGtERsvNAK,424
0890df13-c3c0-433e-9322-74e8cffe36ba,Nannie-Adore-321,yybCEB cxnBpY,734
7e1ab11e-c5a8-4978-979c-ae7af45bbbe5,Andeee-Sandye-321,MCDzcQW,189
2f1d4b57-e8ca-4f6f-a3f2-7a4236978aa9,Brandise-Manolo-321,zOEHR,157
d0936be3-ad46-4db7-bec8-0cb01fc2d0eb,Kerrin-Fax-321,BVTLkTmZwpDNus,990
74f4e3f9-b3f6-4a09-8169-af623bc741b2,Marcy-Jaylene-321,udhBQvxCI,950
8d9caaf0-4185-43fc-ab73-09df3a096841,Blake-Roxanna-321,iWndlxWlA,245
2c112743-b433-47e1-a223-f0c0b8b51619,Nariko-McGrody-321,wRxgQU iUn,511
513fb4bb-f714-4c78-8623-7ebcf4357822,Hayley-Constancy-321,FVrQyf,949
4b497038-3ca9-4edd-88b8-3ced57cb2f1c,Blake-Cleo-321,rdarbsRuzFM,64
ac9a35f0-00a0-4ae1-9c75-6dc373db93d2,Leanna-Gillan-321,HcxDjN,430
747a8d6d-82ff-4156-a2f3-e7e68e2db836,Debee-Yam-321,qhqDscntMbldVG,516
a667bcc7-2aae-4493-9ecd-699cb44c1693,Gerrie-Delila-321,GTunfIBWi,710
470e8f6a-7f45-441b-9c31-50727151bcf5,Kial-Gordon-321,LVLaT,776
